<?xml version="1.0" encoding="UTF-8"?>
<metadata xml:lang="en"><Esri><CreaDate>20251203</CreaDate><CreaTime>15050300</CreaTime><ArcGISFormat>1.0</ArcGISFormat><SyncOnce>TRUE</SyncOnce><DataProperties><lineage><Process ToolSource="c:\program files\arcgis\pro\Resources\ArcToolbox\toolboxes\Conversion Tools.tbx\JSONToFeatures" Date="20251203" Time="150503">JSONToFeatures C:\Users\hwill7\Downloads\map.geojson "C:\Users\hwill7\OneDrive - Iowa State University\Desktop\Code Sharing Assignment\CodeSharing\StoryCounty_Output.shp" Polygon</Process></lineage></DataProperties></Esri></metadata>
